"","Intensity","Depth","Strength","Speed","color","type","Y"
"1",19.5685982764497,12.3892578351506,0.717206384162354,6.39248629742371,"Blue","Orange",-3.85862744679815
"2",9.48489919530611,9.86602071935372,2.66068356969107,9.78499350685307,"Red","Orange",20.8093334915346
"3",4.91974120155794,11.7011448743544,1.59603108855203,8.2322119410342,"Pink","Orange",5.90582412702238
"4",18.6249516239005,9.88958589804976,7.9778322722428,24.2481133641497,"Green","Orange",26.7118333468848
"5",18.5367257799725,11.4384522754208,3.07301452388671,8.63921131509384,"Green","Orange",12.4816398177673
"6",21.9870227401516,11.1360040843663,3.9331595762091,11.9636871145677,"Blue","Orange",3.06780138455929
"7",4.60324901778281,9.94323124923991,0.00135505323794449,5.86098230928577,"Blue","Orange",6.58013288866496
"8",17.2996751186009,8.87860744026338,4.09925083437102,12.3221187834483,"Red","Orange",20.8406697118938
"9",14.7790697461712,12.4076993841232,3.76690395721224,9.96474714524957,"Blue","Orange",9.57977207718835
"10",6.43528809427108,9.3667943081901,2.43715441003304,7.82995332438745,"Green","Orange",18.2674564773412
"11",18.6278132668272,9.61401723547099,3.34142361185017,10.1794580383566,"Blue","Orange",13.9044217563572
"12",6.912533050533,10.0373505439977,2.18148671071987,6.65918587702783,"Red","Orange",19.1986226418146
"13",14.2156781970862,9.79076317708659,0.156212466991255,6.41754954991381,"Blue","Orange",-2.99396372506215
"14",4.72308626817317,10.1455397834905,1.72831875627478,6.99619894105945,"Green","Orange",13.3493341268995
"15",17.7661256613348,9.45680989644648,8.79619845297765,30.6829233078382,"Red","Orange",33.4351654256887
"16",7.98019635139109,10.3702733718148,2.51710626406559,6.77137118447638,"Red","Orange",12.4105018343484
"17",11.7636231033539,10.6926363642056,-1.62741798018499,5.84879432126345,"Blue","Apple",-7.23949059590495
"18",17.7564028332095,9.27848675184202,6.92098567621129,20.7139472460385,"Red","Orange",23.0742434679252
"19",22.5033095264204,11.2281669879332,3.98007517705714,11.1181450648083,"Green","Orange",6.15395059441288
"20",5.30297369005275,8.44521699692474,2.89446388413659,9.41713709144254,"Red","Orange",22.2140984702787
"21",24.352485016252,12.5783755052362,5.94869767750388,15.0997171232827,"Red","Orange",5.78001444809814
"22",5.80598821717769,9.70088312812972,3.93594393325233,10.3936484779522,"Blue","Orange",11.3539906881701
"23",6.34074037430947,11.5192467701902,6.07347416112442,14.7273115600529,"Red","Orange",22.1454482189875
"24",18.3640009735509,11.8668002493353,3.36714054739733,9.23180112083286,"Red","Orange",22.4448171628138
"25",7.83590418189324,10.1197734405903,0.652462526017957,6.47539764540392,"Blue","Apple",-1.5427951293124
"26",2.72177008409696,9.52144674997496,3.99255022251964,10.5706739591041,"Red","Orange",20.6702961851549
"27",17.3404490727429,9.40729041737343,4.20729041974579,12.8941159847389,"Green","Orange",20.0580566723877
"28",5.0674352483622,9.90671647148097,2.85180947303679,7.44678120565129,"Red","Apple",13.5184029962979
"29",11.8975222874531,9.30820733258099,5.95424350826984,17.721352902299,"Blue","Orange",15.9042175677247
"30",17.9221339978028,10.2743921290608,1.45280417729957,6.39115468559782,"Blue","Orange",2.82076911498881
"31",16.0192658747105,10.967630470698,-6.08797600886352,17.6132937564687,"Pink","Apple",-21.2044357233766
"32",6.38122395673359,7.90960288282629,4.81506889524696,12.3967867957568,"Green","Orange",17.2911351487988
"33",9.32518980332244,9.08407041862793,-2.99607205591418,8.87168444566245,"Blue","Apple",13.5431117496573
"34",16.9308197264441,10.3420470509767,4.69184269286265,12.9978368662746,"Red","Orange",34.4034578268257
"35",8.16458163379001,10.4376808572485,1.03224610662224,7.04316755628666,"Red","Orange",12.7407258425224
"36",11.6937157075933,10.3694370985789,5.36408857279886,15.383962717835,"Blue","Orange",11.452688093049
"37",15.9272352961017,10.2044075123238,0.163648702188515,4.6527983102923,"Red","Orange",14.8328722507545
"38",9.150533090324,7.79908131898729,-0.185638451942975,6.33050145293532,"Blue","Apple",-3.20380627139224
"39",9.42146025259332,8.66253436929654,-2.41550386471321,7.02768863905946,"Blue","Apple",9.87870502485749
"40",19.7289727956995,11.3791268215334,5.28405843567128,15.7957817478147,"Blue","Orange",2.38535444713682
"41",1.47099429160388,9.56005752666409,1.1535258545263,6.72452012130681,"Green","Orange",15.3469138511991
"42",6.627747780534,11.0275759189027,2.38221490647908,6.4047460291423,"Green","Orange",0.822032614843978
"43",14.280822442104,10.4093999965138,7.70788882524257,24.5677650231049,"Green","Orange",14.219204093278
"44",12.99329970707,8.48842438213525,0.503730388894786,6.7602274076424,"Blue","Apple",9.87810897784001
"45",17.6716338247571,8.2235941051926,3.02378110906035,10.3228088981429,"Blue","Orange",7.51696613031355
"46",13.1690701888255,9.311815887969,2.38117794251721,7.89184906805797,"Blue","Orange",9.15070198341463
"47",10.0463042423,10.9508369685146,1.82706928939865,6.67211974850151,"Blue","Orange",-15.7209259459687
"48",14.6779677238165,9.29319090386473,5.9789012176692,17.2042625643798,"Blue","Orange",13.3881937387542
"49",6.67343017411137,11.1684055820486,2.00792777658694,7.17132454563102,"Blue","Orange",-4.23107664101394
"50",-1.96154674653271,9.12318265731697,-5.33691431141642,13.113273879156,"Green","Apple",4.61790175281971
"51",14.5751933425138,8.68722545629265,9.1211074363524,30.3873905992915,"Blue","Orange",14.8660234376866
"52",2.36963213549413,8.23785236525001,6.7768480197866,18.8496712466094,"Blue","Orange",11.7391256894831
"53",13.6555983957066,10.525877675908,2.42894112931026,7.76897959676869,"Green","Orange",7.6235758154955
"54",6.69719602735094,10.115652450226,0.438058032165471,7.24307461404936,"Red","Orange",23.2833920730554
"55",17.6011429676267,9.71836850430886,5.10693175797084,14.1428293693771,"Pink","Orange",4.67300390343151
"56",14.8732734654483,9.77782195742146,0.0982114511211174,5.78760985843238,"Red","Apple",18.9085108094048
"57",6.6935169492076,10.4561844219417,-0.700379889978075,6.35306209665037,"Green","Apple",3.4572976111444
"58",10.4768136262072,10.8686792305359,4.70288943731272,11.6024199508778,"Blue","Orange",-2.21665428634595
"59",19.4437970526175,10.3220992810729,4.42449241540411,12.3588785504288,"Green","Orange",3.49164426479605
"60",15.7563016020429,9.62919970769376,7.78577531477867,23.4267508846121,"Blue","Orange",16.1515015417201
"61",16.7965031120655,9.84018323323445,-0.613042684228204,5.9890758970531,"Blue","Apple",5.90235115497576
"62",11.89628143735,11.1784646415174,0.578345229206847,5.4405784321482,"Blue","Orange",-4.54358455011559
"63",18.8351083685758,9.3277866048696,1.84178667500023,7.76108605812397,"Blue","Apple",11.4527300045449
"64",14.3291561315395,8.21642549453231,2.8969881009325,9.61024940901229,"Blue","Orange",0.517367051944921
"65",17.3728565209495,10.6026091749715,5.18624416403752,14.1815370121517,"Red","Orange",12.5361687392069
"66",7.96891725676037,10.0102308162864,-1.85512128241625,8.00697092127712,"Pink","Apple",-1.12207887791967
"67",4.00857996045852,9.87740389479317,0.918433766835675,7.15605513091468,"Blue","Orange",11.6041119697864
"68",4.82075960491128,10.3410436254653,5.27619017618207,14.2709959108763,"Pink","Orange",-5.44296362756398
"69",13.9842105950448,10.6007579783861,8.45394448196275,27.1285098079675,"Green","Orange",9.73157540666904
"70",5.88225420505843,10.3373365784147,1.46154134788016,6.9742421904133,"Pink","Orange",-12.9084858050439
"71",2.49312472899324,9.12833723643081,-0.236388920552347,6.89143819901164,"Blue","Apple",7.48298994085739
"72",11.9921502436915,9.13038949772474,4.49266901840624,13.5525075880398,"Blue","Orange",19.141178957675
"73",2.12422460869947,10.3798819218562,1.67215707386318,7.64874242793181,"Red","Orange",13.1770473249737
"74",19.6547370899621,9.83463362419209,1.55218172297734,6.05884068929293,"Pink","Orange",-0.41867365578627
"75",4.36372703304619,9.87086517102354,1.31381955129698,5.22711628988834,"Red","Orange",16.7516839564898
"76",17.8515977611473,10.8802277101343,4.52736684932136,10.8426970820851,"Red","Orange",9.16709012941907
"77",17.0407158470555,8.83294815125987,4.41330952877533,11.774248624226,"Green","Orange",20.4483960771116
"78",15.2895938013129,10.3150094257504,5.96284970838275,18.1681562936139,"Blue","Orange",6.59198763344614
"79",5.44372615909919,8.96076569210847,0.456956162576576,4.97252788975327,"Blue","Apple",6.74907458663971
"80",8.30312955456971,9.57495727029418,-0.910457691728608,8.04077462440515,"Blue","Apple",2.63739376023607
"81",3.62420890317807,8.412053065068,7.79769138728186,23.4416626474678,"Blue","Orange",21.3172483140333
"82",6.73341018773461,10.2311353354502,6.49615786046011,17.8611599873936,"Red","Orange",13.1963109583147
"83",11.9512986712082,10.5511750248361,-0.205557648313938,3.50261797553657,"Pink","Orange",-16.1639826925651
"84",4.47291916275155,9.0707750483465,6.8184439091238,20.7360240885313,"Green","Orange",21.1998464901576
"85",21.6798832369773,10.7643419673024,8.14561857441067,27.5733811089013,"Blue","Orange",3.4730745015916
"86",19.1195370477983,10.4331897553555,4.06391761393291,12.6230164970898,"Red","Orange",12.5239039708052
"87",6.78327745856395,9.26762002948714,-0.245565918356027,5.31881950291877,"Blue","Orange",9.3105109045608
"88",6.48296897942651,11.2581512705417,5.87462432087486,16.4832327505543,"Green","Orange",9.20856637510714
"89",21.7408207768438,9.91627872002146,4.68688184592343,13.6528940552749,"Blue","Orange",7.64097814182637
"90",6.68984670157646,10.0491301708876,-3.3270842389599,8.98140453738838,"Pink","Apple",-3.65594089528109
"91",14.0417495292049,8.63366413841449,-1.3883242442178,6.91362841273677,"Blue","Apple",3.94078561961952
"92",18.0158895962387,8.990854471677,2.44661486951803,5.28363146454112,"Green","Orange",13.7900400414388
"93",12.6432652777324,9.36255661144213,1.40468179686956,3.67215898539019,"Blue","Orange",15.037870424898
"94",3.61372446943143,8.89393549641203,6.14376710874016,17.6106897206439,"Blue","Orange",13.5254489310653
"95",2.90508333673826,8.94984577368911,4.53279781211484,12.5345778506752,"Red","Orange",14.0199608309594
"96",10.1936628117076,10.3309300435977,-0.202301131459076,5.74175482975428,"Pink","Orange",-6.76032859377239
"97",12.4751280907396,9.37966582708292,2.34145743232581,8.15189620360873,"Pink","Orange",1.51462854944701
"98",9.46975842130069,10.4482708403341,6.37662619423191,18.6180194001441,"Blue","Orange",2.87201445847208
"99",11.5982178553501,9.022616511911,4.630076763036,11.7729788332232,"Green","Orange",20.9390375055616
"100",3.70345096541455,10.2252539970198,6.32499329201028,16.9771171793871,"Blue","Orange",6.76980442213273
"101",-1.33424307056571,8.76202899988106,-0.462887899059369,3.88282771781945,"Pink","Apple",-4.09779617279467
"102",22.2079432444225,10.2419152618141,7.86733514085595,23.5561487332245,"Blue","Orange",14.0655451164571
"103",15.0517215687521,9.57089327528563,0.69106772329196,3.66402362745449,"Red","Orange",15.2445912771784
"104",2.28935145933306,9.1981600640762,2.34400780326911,6.99526488326068,"Blue","Orange",13.3294052687325
"105",6.20346193782037,8.27527788068846,2.83559671698611,8.99236639154891,"Blue","Orange",10.2341814274872
"106",21.8552271675391,10.9552688079633,1.86153145606638,6.42593349952412,"Red","Orange",9.74397908652731
"107",11.0462458398856,9.23600657291952,2.46523002607477,6.89764773996615,"Blue","Orange",11.4362409107608
"108",8.99160673409145,9.55223480401109,-2.62299693446813,7.23186124107294,"Blue","Apple",1.27219138980212
"109",3.10868099348008,11.3224394594333,2.48390334261944,8.24963109485703,"Red","Orange",10.416916950529
"110",10.4439672210819,8.41017698376953,1.36666307979296,6.66802867930914,"Red","Orange",21.7664779259885
"111",4.33101256366524,10.787404396897,-4.67237591459034,13.1729761875063,"Blue","Apple",-12.4200148795653
"112",11.5100215436839,9.82042691921043,0.472267044527022,5.91727190521315,"Red","Orange",17.6118686685346
"113",5.68977006820116,9.24771458542904,2.28125451948667,6.279591974795,"Red","Orange",20.8830111573488
"114",8.11877114811389,10.7848212734043,1.61022614798554,7.70849636666577,"Blue","Orange",1.91895087006641
"115",15.4633740100323,11.7009119694245,3.57255052628553,10.3401681510071,"Blue","Orange",17.3686727441909
"116",14.636612873584,8.99096834604635,1.31800476955972,7.59621967670709,"Blue","Orange",15.0422817016082
"117",20.7677885416672,10.4574021269519,1.14426835455244,5.76572899920426,"Blue","Orange",3.09815202024042
"118",15.2149220487203,10.2797997525454,2.20148427590339,6.82254815821646,"Pink","Orange",-7.28811089557606
"119",4.85689995512991,9.88896184016005,-0.275668505417461,5.76951288312435,"Blue","Apple",6.55369233429262
"120",7.36795410647062,9.26529370965367,6.49852506579981,17.5160175385347,"Red","Orange",32.8075611342943
"121",20.1933655539323,11.0101201207812,6.34260009346764,18.1440818375526,"Red","Orange",12.7296764865716
"122",22.2405575111279,11.0790982888731,2.60483579487637,9.63110315996615,"Red","Orange",8.90712700211459
"123",16.7960077746216,9.1504735779424,-3.00713884868349,8.64695012441216,"Blue","Apple",10.355209578136
"124",10.9942107205827,9.58791808531976,9.22282314722423,32.0316694086312,"Blue","Orange",17.9504653987334
"125",14.6181573516063,9.5937241009068,3.78542909058244,9.8455057599117,"Red","Apple",22.1799278121495
"126",17.893033610983,7.24896933177964,3.82515043751345,11.2970145950376,"Blue","Orange",3.40509422669461
"127",11.5535643845702,10.4082458980319,3.66930178514963,10.4735609156895,"Red","Orange",17.24402299384
"128",9.1536245734775,9.15743904277864,0.627667270181711,6.37254421441502,"Pink","Apple",-7.85794569937414
"129",7.76849141452489,10.9056782627718,2.70064484576613,8.20249225953251,"Green","Orange",-2.90056362783551
"130",20.5051306659372,9.57411212620284,8.9681636170153,30.0726359036251,"Green","Orange",28.7057552754369
"131",4.24611272566787,10.6186002340044,1.41929327395095,7.19302033216192,"Blue","Orange",-8.0407283534533
"132",7.60016283772433,10.1779502218695,3.17379740488489,7.62495702805239,"Blue","Orange",7.12851284679085
"133",7.11666043395484,10.1124789813902,3.56921001058763,10.0811165647813,"Blue","Orange",5.04954517348727
"134",3.90422341602725,10.1084995723535,2.25940853041886,9.55448507587838,"Blue","Orange",-3.03702700127955
"135",8.53558132883228,8.75561093749012,7.99869077590431,24.858996520443,"Blue","Orange",15.114757678491
"136",13.9777252755683,12.2647948021198,2.79068486009867,7.64672607733162,"Blue","Orange",-2.68207146636893
"137",5.46238525571797,10.9240299289377,4.97197771731235,14.4543062170727,"Pink","Orange",-8.08476331571211
"138",19.9903822081734,10.6032188848072,2.1361382752974,7.41104501309415,"Blue","Orange",-2.77880371299922
"139",11.8749317629938,11.5151119023865,2.66202062077806,7.51423071118059,"Pink","Orange",0.541657686534524
"140",13.8023266367124,8.66546890611937,3.02946185558181,8.27218246499181,"Blue","Apple",5.46918101995461
"141",8.32927850413498,10.734126821164,2.92370853317879,9.42981774386215,"Pink","Orange",-8.29211141518641
"142",9.35898402017756,9.03599228183193,5.1224205703813,13.3442275550346,"Blue","Orange",11.9941491912407
"143",17.1620608628494,9.56399413030044,2.86020211368965,9.60180622843941,"Blue","Orange",10.6303600989411
"144",9.12176950503503,9.18873323235694,5.29068604164482,13.7047011907136,"Blue","Orange",16.7863611664551
"145",4.75684907315171,10.6831380187437,6.72992388346977,18.2612474906507,"Blue","Orange",-4.8207671269276
"146",12.7754070187526,8.91019873192153,0.316471450108814,5.91982649472123,"Green","Apple",10.0046349721649
"147",12.1988352478078,9.60009378520619,4.20398396096805,12.9860293376856,"Blue","Orange",23.0001328901464
"148",5.52746179067631,11.0929072814704,1.34448948752544,6.93157625781429,"Blue","Orange",-1.47953647650302
"149",11.7293568432912,10.4415181235914,2.20040897076613,8.85040898632763,"Blue","Orange",3.47330781508825
"150",12.6674957310364,11.2124902289367,2.39803243755267,7.068145724653,"Blue","Orange",6.29172568553362
"151",7.63634644927857,10.1544553953451,-2.80627796012949,8.63043810003389,"Red","Apple",12.5417869367497
"152",24.0326365418274,11.5404777381949,6.94225605485953,20.7757656065724,"Red","Orange",24.7222287743915
"153",8.51716398388364,9.51554023215668,2.9269819821064,9.24197963365741,"Green","Orange",11.1537513890883
"154",5.26890078902374,8.61854557398987,-0.638028776574167,7.08027257944007,"Blue","Orange",2.52731936775202
"155",23.6052298814909,9.43900567949567,9.83845842786748,35.579080148248,"Green","Orange",23.7350825668312
"156",20.9779930245435,11.1075418026886,2.0998490204243,5.11324934645531,"Blue","Orange",-3.3708539304078
"157",13.7907683235044,8.21461287696042,0.252489186971697,6.05288104116921,"Red","Apple",18.3234209636698
"158",10.0984995755901,11.2168489887382,2.56431017305164,9.60963010270926,"Pink","Orange",-14.0212903778402
"159",2.53362847219881,9.60530683279126,1.44692991554017,6.70885556029044,"Blue","Orange",13.78587128976
"160",14.0751729048501,10.7939295214123,7.34183153234509,21.7350521828707,"Blue","Orange",11.7438538251291
"161",12.6660228029109,10.7874686377439,-0.273990126719354,7.34726036459935,"Red","Orange",-1.13869376827934
"162",2.66283960604287,10.1774174173687,2.15725649013563,7.7929272667407,"Pink","Orange",-11.5851610137853
"163",15.7845857313029,9.9314420987673,7.88675518731174,23.5524279291092,"Pink","Orange",6.13900036370783
"164",5.89635198599408,9.63378605463864,0.883014464851197,6.67836116370173,"Pink","Orange",-0.694433092441498
"165",10.8275214706187,8.27025345660699,7.67613038760015,25.1893664232273,"Blue","Orange",9.00152282594501
"166",4.38574335851412,8.26332875424156,1.91267869337621,7.93020978128431,"Blue","Apple",5.15219924822484
"167",17.5269358935576,7.41620543665485,2.18595123433909,8.31784864364275,"Green","Apple",2.53960897591684
"168",1.5484622604284,8.5115465892681,3.78750091807144,11.1138664383273,"Blue","Orange",8.34597204692065
"169",7.34570398104426,10.9555917362628,2.33693429692902,8.39813397559325,"Blue","Orange",-1.0907276770995
"170",15.9956452340876,9.09225279600646,4.19859568263042,10.6736646505638,"Blue","Orange",7.65969323564548
"171",8.0858960778501,12.0068488735067,4.35443442011947,12.5018503191297,"Green","Orange",24.7715892374546
"172",9.17308222860628,10.391474912806,7.49100765570836,21.4368562823889,"Red","Orange",17.673674657252
"173",11.6441027811116,9.40080760767217,-4.26282433550937,11.8976371382143,"Red","Apple",12.3636317997167
"174",1.60862245702602,9.0880711100827,1.4461972019683,6.66647835144307,"Green","Orange",8.59179198748649
"175",6.42128609447736,9.46933163561965,2.97398963201568,9.8804195833839,"Blue","Orange",14.0403998969127
"176",16.7756514828333,11.4733022631587,1.65527029450671,6.48441156043087,"Red","Orange",13.2414630246422
"177",16.3599545508734,9.62526588317762,0.492051810256827,4.64108463686497,"Blue","Orange",6.60702603979078
"178",19.0900322169662,10.2615599401094,5.96535049506566,16.5077156494132,"Blue","Orange",8.37109944438727
"179",17.0727896148088,8.86555056535291,5.85577085980544,16.7727336581763,"Red","Orange",34.3942981814879
"180",7.17794388361411,10.0936342234423,5.35648308004003,14.3233194544235,"Green","Orange",19.4905238531433
"181",4.89878252778243,8.87018014711579,6.0313699420313,16.8180237744123,"Blue","Orange",18.376221297216
"182",11.3803968474469,10.474162109201,4.75587229396455,13.7771367998265,"Green","Orange",6.71185651122787
"183",6.47655089214964,10.085693626956,3.39038633155205,8.61473873858289,"Blue","Orange",10.0709365236841
"184",3.35500254101222,9.17815129363871,0.0574874820774665,4.9175051398093,"Blue","Orange",8.27046835582187
"185",5.43612943145895,9.91308354733435,7.04809182631904,21.1596652100066,"Blue","Orange",12.3474927375035
"186",4.72844009930825,9.4146407028078,2.5258467744449,7.28308875532267,"Blue","Orange",4.4764474621891
"187",6.10560128660636,11.7377008488188,4.32133506633423,9.88152328758762,"Pink","Orange",4.23957146044575
"188",6.91163853922665,9.06644077230936,4.05007103437652,11.971787461303,"Blue","Orange",35.2258446591652
"189",2.79454548217129,9.45793479830513,0.258369048447055,6.54961661730724,"Red","Apple",19.8037034344243
"190",18.9297753639718,10.332251995585,1.89194929498103,8.1755690953299,"Pink","Orange",2.18611019922165
"191",15.6756184975974,10.5716793139305,4.46794822561664,11.6004938692211,"Blue","Orange",1.90624751635492
"192",13.3538348031928,10.3130174290882,8.7055217078365,29.5468277315269,"Blue","Orange",7.85447216131485
"193",10.536166422595,8.99632739383155,0.275521431883527,7.14777332808021,"Blue","Orange",7.41937369771141
"194",8.787198267124,9.89021694572069,-2.36643225487784,5.70107583682019,"Pink","Apple",-3.49546387429255
"195",16.7586210373964,9.87250137010854,1.21307607150808,5.16563274002596,"Green","Orange",9.44040657663648
"196",5.7933668356791,9.8254740227374,-1.47057616262788,7.14370707534038,"Blue","Apple",-2.30984970538936
"197",17.1482699769169,11.033127194862,0.912989321768309,7.56106236727685,"Blue","Orange",-3.97936154641319
"198",5.8684906654086,9.80016684956894,1.30306375705139,7.16343541340849,"Red","Orange",11.600516299925
"199",12.6347735933419,11.0717817474835,-0.563295641040179,5.81884254000837,"Blue","Apple",-16.8033524861188
"200",11.9386232158833,7.53643399965203,2.62837329624087,9.05028149351737,"Blue","Orange",3.9652712514993
"201",2.43575562493385,9.94471818511474,2.04988331400539,6.61790145906409,"Blue","Orange",17.2969721679515
"202",2.39964734631489,10.2453702686734,1.30159590160124,8.45187929704343,"Blue","Orange",2.99001969032712
"203",14.0149391770322,9.26777037654473,3.54266238710158,10.391318867375,"Blue","Orange",18.4390950385969
"204",4.59248899696131,9.6119036092779,-1.80397056274314,7.30147760123346,"Blue","Apple",6.42435982297872
"205",12.0583634166506,9.3611181253858,0.0703752670772806,4.50273522303213,"Green","Apple",5.06013559731015
"206",4.62043979391622,10.9250988034678,6.68470630494137,19.3097576165547,"Blue","Orange",-2.01145908652548
"207",9.78487308674365,10.0445613290552,-1.0078408326413,7.07157719626806,"Red","Orange",20.1910530360759
"208",16.5216309445385,9.00213736695516,-2.58798593738931,8.78493084550984,"Blue","Orange",6.157312411751
"209",0.883467345442554,8.99179850027261,0.145563140915242,7.67090248491948,"Red","Apple",12.4693649913434
"210",5.11097822951459,10.7524173230724,3.31739783789658,9.84056416992388,"Blue","Orange",0.387333990035927
"211",8.15729363396816,7.80008127341129,7.86039186935812,22.9446876913062,"Red","Orange",14.9438552690933
"212",12.6385592890531,10.1748320601333,1.27815905701151,4.83903116041175,"Green","Orange",11.8856166119241
"213",6.65184875484956,11.9932680133512,0.277144457451532,5.68419556233987,"Blue","Orange",10.1627297996974
"214",9.3467475928711,11.1180684395683,4.69778335313901,12.7881559998904,"Red","Orange",8.92362695159958
"215",10.4720451873595,9.62104973535317,-0.907142117893391,6.00255764574059,"Pink","Orange",-5.9968803059551
"216",19.800498106231,9.45373340487103,4.40242101054098,11.5922870930938,"Blue","Orange",15.8871698259799
"217",13.2361557228813,9.92565398649923,0.367502715025102,7.13399093523319,"Blue","Orange",6.6521783873367
"218",20.8862002768585,9.96953728956004,9.09074387135951,29.6853152062516,"Green","Orange",24.2211483566874
"219",10.4021320720634,9.60301832406786,2.6317999295074,8.14733524839438,"Red","Orange",22.1427299694438
"220",9.54703725592012,9.86839455094781,5.09486620664832,13.0121322250187,"Blue","Orange",12.3686860705419
"221",6.37443653374449,10.0730226250936,3.27471884722584,10.9426137450316,"Blue","Orange",7.73936827550843
"222",3.75816018098378,8.49996296171788,4.70524782904665,12.8394146622226,"Red","Orange",20.612438242047
"223",14.3110604755393,9.78610848031397,8.03407336373946,25.0063138931886,"Pink","Orange",3.1791371565831
"224",11.3416379411903,8.62133958553084,2.71211069678894,7.48530909544442,"Blue","Orange",9.67449024511142
"225",20.2905867678013,8.8517119410813,7.24448708062997,22.3820540395702,"Blue","Orange",16.8919055098913
"226",3.13852720412514,10.6504811905564,0.0794660948315058,6.34033488380176,"Blue","Apple",-9.85672442169381
"227",18.223936023433,11.1181488585052,6.79646275271721,19.5024637126922,"Blue","Orange",-1.12269268200062
"228",4.26495455910448,10.9347790027106,0.46448990919178,5.64497767670867,"Blue","Apple",-3.93739806369778
"229",13.0362652888993,10.4266311467759,-2.19392935049475,6.94113130336445,"Blue","Apple",-2.30747879289336
"230",18.7230746437775,11.8162606043594,5.98853154054592,16.5367189538131,"Green","Orange",26.2537279765136
"231",13.737927484674,10.0829641920237,-0.289649008767153,5.43780169267688,"Pink","Orange",-5.21985124177985
"232",20.0780242530004,11.819741957811,-3.30658955547282,10.2798644323283,"Green","Orange",15.6539538438176
"233",19.511041624007,10.1869454474732,5.62515453573854,14.6230149430053,"Green","Orange",40.0479881600312
"234",12.5360331261794,9.56425325396816,1.77207971087579,8.02177201275108,"Red","Orange",17.8423119580967
"235",11.7858498409206,8.55353551891296,4.66835701065851,13.4128362961008,"Green","Orange",18.5173130626088
"236",13.8594046304301,10.1893372786582,4.95564206967948,13.0455953452981,"Green","Orange",12.7511593112618
"237",4.91658429215532,9.54984266478782,4.85001330060196,12.8544906323616,"Pink","Orange",4.65755671827753
"238",20.0595449958524,10.8396869896019,3.39231535355068,8.62600860774059,"Red","Orange",4.33081916854798
"239",10.5913422181221,12.1956829268858,8.91693078177919,30.63523315115,"Blue","Orange",13.7254629550926
"240",22.7183305209237,11.5068116715335,6.17153998306886,18.83473230975,"Green","Orange",41.4041558557281
"241",0.960111233199468,9.11362974554709,-1.09691001375373,6.95330163423272,"Blue","Apple",11.9646114440619
"242",15.7291437568596,10.3468272373814,-0.0948560201192485,5.71761439284525,"Blue","Orange",1.59492736147544
"243",3.86015068574068,8.94307701232879,0.0396261826747448,5.11960172030798,"Green","Apple",5.17160310712701
"244",16.8044708774513,9.68127493053157,7.13358072332105,20.1241580111297,"Red","Orange",28.1362904416167
"245",24.6848938030676,10.6890335267616,8.26908033626155,27.8048367903552,"Blue","Orange",6.35537902873573
"246",13.8738685143169,10.338013082043,1.61466893972851,6.26376654811494,"Blue","Orange",0.252388546323153
"247",18.2286460719052,8.77227674311452,1.02214176489672,5.84847935034326,"Blue","Apple",13.5094560907373
"248",5.92335552515259,10.7002964254099,5.4531355381339,13.6848492056475,"Red","Orange",4.66053620423465
"249",4.50287697748114,10.7450210010842,6.96629195553392,22.1055056488153,"Green","Orange",8.5552565158118
"250",18.1591355372334,12.4956419001582,-0.163639005114255,3.87709128125956,"Red","Orange",3.55368106993972
"251",16.9102086701557,9.22884031220098,-1.15130607693241,4.41997812412285,"Red","Apple",15.7875881837299
"252",0.808929776224225,9.47095920557243,-0.125024521742062,4.72539905999365,"Blue","Apple",5.99354718376127
"253",13.0036774717113,10.2921693917471,4.12182963745944,9.14687492240605,"Green","Orange",14.0565658597517
"254",19.2380255289927,9.05897626372353,2.76848405539235,7.63085128469294,"Blue","Orange",13.3600237338776
"255",4.7672293393625,9.02279414069389,4.45089811099366,11.8463368237109,"Red","Orange",23.3688325210508
"256",11.950712787141,10.7765376442531,3.79077629115417,10.7386879974217,"Blue","Orange",-6.80639019895837
"257",12.7842274439182,9.9147424190689,2.38481529899388,7.16835222026158,"Blue","Orange",10.7427693229121
"258",13.6707055588889,11.085629757789,2.50590777183179,7.61301380947066,"Blue","Apple",-8.39230699581547
"259",12.8073724479031,11.4939656289204,1.99657912080817,6.6082678736012,"Green","Orange",13.3162590334818
"260",8.15241988047921,12.3658880556378,4.58716459803156,12.0893398268618,"Green","Orange",6.27845461934823
"261",14.2270890124499,9.66703895021858,-0.394531858430029,6.66755424969445,"Red","Apple",20.4881811753161
"262",11.0085890216913,10.9092696708283,3.06488141595215,8.80653167287372,"Blue","Orange",-4.61049691190745
"263",3.83071795613183,9.12342718428784,3.22783958065907,8.48145371487429,"Blue","Orange",11.9836325546527
"264",2.23054110089596,10.2770543725496,-2.65216620107284,8.05619987341275,"Blue","Apple",-3.1218736978737
"265",8.28011036870496,8.9632098598682,5.76035543602875,17.0835924931378,"Blue","Orange",14.9917817096307
"266",0.945863564667874,9.86278848741516,0.0692492331904648,6.62222427403984,"Green","Apple",12.9611705908224
"267",3.08230332594668,9.55621006004835,0.577988074943033,5.46007375549404,"Pink","Apple",-3.36488941949591
"268",17.6316404316727,9.42200981444281,5.25555445497988,14.583546283623,"Pink","Orange",0.518126378412163
"269",4.51912115433471,10.9034202602567,2.79226064318009,8.51982625599136,"Pink","Orange",-15.944407082063
"270",17.8126435923178,8.71375855153549,6.71121739792816,19.9919215828692,"Blue","Orange",14.9453815498692
"271",-0.597069591691467,8.27812432964042,-0.0479964249667053,5.51693853142108,"Blue","Apple",7.70331757226877
"272",9.39163816195394,10.1246652114649,3.59592869657428,9.62408287768725,"Blue","Orange",11.514998517667
"273",15.4012984958767,9.58509799495558,3.01434663982822,8.5623638058836,"Blue","Orange",9.20402741372694
"274",16.8209930459884,9.43206729132324,1.79133256378526,6.50022188813504,"Blue","Orange",16.6877242346776
"275",6.76442329608753,9.61547687348297,6.34196801387835,17.4040282938665,"Red","Orange",24.0113679835519
"276",22.4542870398473,9.90185647463375,6.56839563646494,19.6525986348951,"Blue","Orange",16.5731200196948
"277",6.97521248727516,11.4022327417169,6.87872494032747,21.8130277249311,"Green","Orange",19.1621045828298
"278",4.38585033958773,9.39586075710083,4.52381538421007,11.5949644313977,"Blue","Orange",15.411125830496
"279",15.4271885960487,11.1940086060551,0.423931011512875,7.02769265369514,"Pink","Orange",-10.6909173376759
"280",4.22187917050321,12.089210113404,3.67013355411226,10.0375826909302,"Red","Orange",15.1515573875726
"281",6.03256845622702,7.8726559456867,5.57746624154593,15.9062982133206,"Blue","Orange",5.87124041650221
"282",2.09410003338174,9.52404821315189,3.06377360453478,11.1039589073234,"Blue","Apple",14.6470027376243
"283",2.6239778196478,11.012049514884,0.186704859350507,6.26434074327056,"Pink","Orange",-20.0770373062369
"284",8.4438906364152,8.70122102531508,3.29357683444771,8.17352827147467,"Red","Orange",17.1543177663301
"285",17.0646020247895,11.8443659284368,7.98640694992316,25.095252828042,"Red","Orange",34.3595009291161
"286",6.29499324482793,12.1879211601682,0.39690155811989,6.15892675139188,"Blue","Orange",-8.94022812387621
"287",11.310121274112,9.0329579027691,3.74693423861951,12.4358520500668,"Green","Orange",16.6032299248435
"288",22.5550996697393,11.073240779039,4.8621129118115,12.711114332939,"Blue","Orange",0.0642192713243313
"289",12.1781268960265,11.9118248812057,1.29512663209538,8.1890336484251,"Pink","Orange",-2.43873062985262
"290",17.4285640864302,8.47093769519037,1.22320679023941,6.41255173472098,"Pink","Orange",-0.402052018761033
"291",16.578377917201,10.6279364150056,1.07391734080869,4.55086463439405,"Green","Orange",2.71152225455491
"292",15.9720435707322,10.7773017656754,-1.46530829189212,5.67013684299384,"Red","Orange",3.73020349599068
"293",19.7961967136248,9.79341626982376,4.56642276383655,12.2923471403816,"Blue","Orange",27.1439945443636
"294",5.38678234448865,10.54902255785,0.36462953757357,5.64306532863127,"Blue","Orange",-5.89247461071489
"295",19.2375242442863,13.1088736302133,7.72859440001377,25.2318484353285,"Blue","Orange",18.5863011955333
"296",11.3734789686732,10.6796268243303,3.36679311851613,10.1160059455024,"Blue","Orange",8.4474099389497
"297",3.79073136022697,9.86105973798615,7.72858645838852,23.5003267547933,"Pink","Orange",3.37555417643698
"298",8.55808771483311,9.71915446995311,2.21434519546421,7.62828227605094,"Blue","Orange",8.7079097188479
"299",13.230022164012,10.7208765744703,8.1631536446439,24.5463989334725,"Red","Orange",10.6316583334389
"300",19.3048215625136,9.73130477488186,3.40117778190651,8.32993724843625,"Pink","Orange",10.5189923679823
"301",3.35651270880239,10.1444153372626,-0.98688278238718,8.18136858179188,"Pink","Orange",-6.02973800254111
"302",19.602428666082,9.94662004466146,6.58117694102037,18.7938905539445,"Green","Orange",25.0137807049406
"303",12.7116611492594,11.3958491056754,3.84307034075088,12.3960847969834,"Red","Orange",16.1573112959343
"304",6.35173154135385,9.92009480486059,1.28549365466029,7.38446994625859,"Blue","Orange",17.0669926724929
"305",13.9790704332585,10.7244998922038,2.9678381962492,10.1524257389005,"Blue","Orange",-0.19905415805102
"306",5.81273491988559,10.830912999104,3.83556472335604,11.5768685261315,"Blue","Orange",-1.25194917016889
"307",23.5967293231217,10.9573670071397,6.00889984026428,18.0933933761535,"Blue","Orange",1.6102226679071
"308",11.5181533555471,10.1844539076165,3.78196977616994,11.431877892661,"Blue","Orange",5.20139481230904
"309",13.354570260672,9.57964502340408,1.80262891524967,6.18208946612505,"Red","Orange",18.4624626740684
"310",15.0699659135054,10.0332691892541,0.860133064226018,7.96280681388463,"Red","Orange",24.1930521004825
"311",15.3676101144836,8.35071894492307,2.10991452115286,7.54158891685008,"Blue","Orange",5.7388969710926
"312",15.9846770159375,9.71169255322164,0.305019363612206,5.18172838236318,"Red","Orange",26.9665693846821
"313",12.900629685828,9.81586299981971,-3.68097683778232,9.7696053640231,"Red","Apple",12.6461311159366
"314",4.42049481363344,10.9603967011853,2.29641419552084,7.89559761438075,"Blue","Orange",-6.48432444630129
"315",9.93899276592632,8.21031994083375,5.30862540437677,14.1401502085967,"Red","Orange",20.0547352614676
"316",20.5316735433284,11.3210796558357,3.90260894946688,12.3002116977511,"Blue","Orange",-3.45860667475415
"317",4.97712234983709,9.89766564176756,4.88611936690588,14.5485628386705,"Green","Orange",22.0698461042367
"318",18.7888323855622,10.238796175848,3.2490257268485,7.97010599747321,"Red","Orange",11.7372612979924
"319",0.264430329779518,8.57814132158385,-0.549461011865795,6.05954359318156,"Blue","Apple",9.40786734174414
"320",10.3192284262237,10.2392302802307,4.75892672351586,14.1923471858141,"Blue","Orange",14.0871955024321
"321",3.42994699903004,9.49583851110004,1.45720219918311,7.48713196114762,"Pink","Orange",0.510266245299111
"322",18.6173537135689,10.2797287729113,6.01061280185271,15.6118059638377,"Blue","Orange",26.7701833407617
"323",12.5829658082162,9.08062323605653,7.9743169372968,24.0778695158157,"Blue","Orange",18.9556118132835
"324",15.5306258120937,10.7457799870071,-3.72062657254317,10.1591246696735,"Blue","Orange",4.94046075346385
"325",13.406441787115,9.92651740804811,2.78672887973737,8.40512259786155,"Blue","Apple",10.9128912022914
"326",6.36923880480692,9.8061662560455,-0.799647030324835,5.17314608855999,"Red","Apple",18.062994399169
"327",4.11619725050372,10.6497188562661,1.13011630044369,6.03566718687394,"Red","Orange",6.68158383267575
"328",0.964721828116668,10.1763083226092,-2.94152193615245,9.02233156927215,"Blue","Apple",-2.00933825237091
"329",12.7392720856237,8.8028724654935,1.53765721826159,6.82869382204018,"Green","Apple",12.6432486429865
"330",19.5658969720988,10.5227759703327,2.09634136238884,10.6239178235227,"Blue","Orange",4.95126848211048
"331",8.87112667007506,11.8015971702258,1.13988381808615,7.01918145262851,"Blue","Orange",16.6051953445795
"332",10.5577904407495,10.2608058376795,0.207202545181485,6.59437116972283,"Blue","Apple",3.25387670163741
"333",16.9278352796876,9.84669428760608,2.38720462627489,9.13894118983118,"Pink","Orange",-1.89374994083024
"334",14.1159897833999,9.93693006004916,5.25822398244515,14.5581165022039,"Blue","Orange",15.1087804655363
"335",9.93511707775938,9.8486472383219,2.86128572769201,8.02881399692137,"Green","Orange",13.8393475748807
"336",15.1621412687254,10.9819195278665,5.41270335531654,14.218455001773,"Pink","Orange",-8.26136327391316
"337",26.0803163815131,12.5395274850928,8.91999492056908,30.6365820729335,"Blue","Orange",5.36280292810236
"338",15.5589657019113,11.3707475256728,5.2987657093708,15.8839759136502,"Blue","Orange",2.13207319911668
"339",10.6158538140137,10.6885486560103,-0.397121426166724,6.63139917587024,"Green","Apple",-2.35561509746098
"340",9.00451029731069,8.98561980519762,5.37466396849182,14.5782960525933,"Red","Orange",27.5852652242449
"341",5.7777998216461,9.99070384645336,4.51934815955629,10.5274848560437,"Red","Orange",19.0330043119993
"342",16.626595960786,11.0957260594103,5.78666479552142,15.241212621148,"Blue","Orange",-0.653467208630517
"343",17.6856032323998,8.9177771350598,2.60407638041791,7.22806638473437,"Red","Apple",19.9638368958217
"344",17.0327687065873,10.8140039222936,-0.555468150387549,6.20142433755223,"Green","Apple",2.69236680756696
"345",13.9211375525709,10.3467774372947,6.20606915989785,18.1965703592064,"Red","Orange",18.3082149994814
"346",5.23899750231091,10.2927173360501,2.90467490951691,8.18817753366606,"Pink","Orange",-1.77079570040616
"347",13.720914287702,11.5843217164403,-2.41050052528934,7.85783121318601,"Red","Apple",8.77415960235479
"348",19.1930902934642,11.5289814396779,-2.3740002512951,7.89813033752035,"Red","Apple",7.62607344617664
"349",19.6228072923494,9.14552076026798,6.13305322179146,17.0415593491694,"Green","Orange",26.3953775451191
"350",10.2760741630064,8.26389216367322,5.26905989308657,13.1523666081557,"Blue","Orange",10.661165179939
"351",0.641992373893967,9.7763911377895,-0.919258352161445,6.42444090842852,"Blue","Orange",8.64987505857724
"352",22.3113062715799,10.7965969373147,3.99845828004867,10.7164017339672,"Red","Orange",12.6645862241593
"353",19.0921631766222,11.3083246437129,2.29691610494164,6.55884754919481,"Blue","Orange",5.32570275267827
"354",13.1978214106385,11.4871687492833,-4.39372982115662,12.3270506129472,"Blue","Apple",-5.20793121067877
"355",8.04151554402824,11.0314991565332,4.03412974845401,9.31324458118766,"Blue","Orange",-2.59364436816438
"356",17.8169191457125,10.6137621757029,5.18459966133609,14.4884575305469,"Red","Orange",12.1268369833414
"357",20.5341151025787,9.54116064286854,2.49718638643265,7.18518585712015,"Pink","Orange",-3.24030845287846
"358",7.10858455019305,10.1658788966748,1.95631830376351,7.12055394306955,"Pink","Orange",-0.577282685657512
"359",8.06190454244949,9.9902023664039,-2.90530995038904,7.19823806121763,"Pink","Apple",-2.82612172915415
"360",17.7190876761249,10.879030107847,1.71154537168853,5.99120758332903,"Green","Orange",-11.6748848798224
"361",10.2590090511431,10.2902451739831,2.74836363920404,9.48958917400798,"Green","Orange",14.4265384070641
"362",12.7908462946808,12.4000090763725,0.611500679838275,6.8674396667027,"Blue","Orange",-0.178421711987616
"363",15.2490455380816,10.2958632409843,1.36457620987617,6.29737196663721,"Red","Orange",10.2062748543249
"364",3.52946928597689,8.67284853970398,0.24149564761541,3.92504861144981,"Red","Orange",-0.282049636482164
"365",9.89033673725549,7.98120265228527,2.07783418643566,9.50942476401522,"Blue","Apple",7.83490409829733
"366",22.9812065870452,10.6739685003041,8.42822218622967,29.2731958428961,"Green","Orange",17.9848630442824
"367",5.02973354953593,10.3651493374151,-2.62488303682914,8.72010937699193,"Green","Orange",4.56916456512436
"368",4.64137941234083,11.1312822427603,2.58444368333106,8.86605659304481,"Blue","Orange",-4.31321675139729
"369",10.2120884977927,9.71391342926523,1.81254017493128,5.30647603483838,"Red","Orange",19.9521903493941
"370",18.9155290818597,9.95250509690489,5.51974801749198,15.4385328687407,"Blue","Orange",16.7393610323015
"371",3.69009868233898,8.83373472138135,6.78349631362877,21.0469328963059,"Blue","Orange",15.2096045536189
"372",4.68024163114,9.71769309891617,8.1342459054264,24.2059244055561,"Blue","Orange",14.3703603726706
"373",6.76437842340862,8.89672753007746,2.9480650104594,9.19644340625431,"Blue","Orange",11.3659433242008
"374",15.4031185694571,9.35943740700508,7.49024949976378,22.9679649501824,"Pink","Orange",11.994802370503
"375",9.41142557746512,11.9643084262047,2.41767607356611,9.47673487902208,"Blue","Apple",7.91910756601004
"376",17.1013435032112,9.06109276546818,-2.49257636710709,8.78458526848362,"Blue","Apple",6.74665928784591
"377",14.9314382600225,10.7972168258276,1.29641289556826,6.87903444231384,"Blue","Orange",-7.5570322390467
"378",18.3574116704161,10.0612047248136,1.38508662218723,7.86414441861935,"Blue","Apple",9.96503568930816
"379",4.1924827135565,9.34534477679935,3.37018371446657,9.47899190012778,"Green","Orange",17.2835223500661
"380",15.9888753138234,8.65986070329681,4.45482859579745,12.8768218019575,"Pink","Orange",5.0221655476046
"381",15.3353262293789,9.60964082128459,5.31002556669976,14.2321515905148,"Blue","Orange",14.5651645006262
"382",7.92622546872458,9.77601203580237,-1.46967758898587,6.17151751273548,"Blue","Apple",4.48138709385895
"383",9.78187916664922,11.0882714273503,2.06898397046211,6.50577132117339,"Blue","Orange",5.40499063577901
"384",-0.0254413603530343,7.37764953357331,0.585338110696041,5.77258269854502,"Blue","Apple",-9.40600810063352
"385",18.1577031744168,10.7575013671871,5.86396775480908,15.5284367898734,"Blue","Orange",-0.424793480461794
"386",21.1018885588871,11.2557090763955,3.83702926703145,10.10928058742,"Green","Orange",5.70800226999133
"387",18.5774864923458,9.82963617869772,5.72437117221861,15.7177664967427,"Red","Orange",25.1008079143441
"388",11.7193749805983,9.84957393190679,3.26617926087066,9.09948257733206,"Pink","Orange",1.38954703779493
"389",7.26987109571065,8.86522641210348,1.25661611118962,6.83578284355224,"Red","Orange",28.7152523303193
"390",12.3297706542983,9.91002128874281,0.0201671335742608,7.31988865915279,"Blue","Apple",9.41270156426348
"391",4.76439861890777,10.2214131543874,3.37104733861905,9.20298760266434,"Green","Orange",1.90044156111608
"392",-0.592410983639256,9.46558057872485,-1.39296682728352,6.15303856529049,"Green","Apple",19.0147578895171
"393",2.50201266833842,9.43821373548354,1.77522969345163,7.25316775481691,"Blue","Apple",10.661104172857
"394",1.95397407095474,11.3461249834232,0.0547048132174681,6.99978598285097,"Green","Orange",-7.8207185877546
"395",6.9083923339829,9.99866055799253,3.17079234030593,10.0173166831273,"Pink","Orange",0.486129428132276
"396",12.9806604257279,9.64584816947725,-0.170283066622631,6.27282058462722,"Pink","Apple",-2.58064608670209
"397",16.2402412261578,9.18604138582181,0.280433936832319,6.7191588924757,"Red","Orange",17.8196569076417
"398",9.18711675278746,8.35377837942183,2.62002362874672,7.85866706722094,"Red","Orange",11.5848168129661
"399",11.2878382998878,9.33895355992534,3.05510629984189,7.82650513307996,"Pink","Orange",3.36640192053756
"400",10.0790432878952,9.16984807145387,4.25926344482925,12.2645211393303,"Red","Apple",18.974480723609
"401",3.35025266103557,9.39098587485276,-2.36788542811098,7.63876897362193,"Blue","Apple",5.28087508458939
"402",14.6515085915346,9.25921161332663,1.09208438160029,5.94078725973,"Blue","Apple",18.0426700585244
"403",7.25634257964835,8.83367848068706,-0.565480352271328,6.44899676822135,"Red","Apple",14.9434589390307
"404",8.55623861600331,8.43692856879916,2.28331350294224,6.78088818276172,"Blue","Orange",15.7151547523722
"405",18.1591408322555,9.32407370956732,7.95242093033655,23.4873812659889,"Red","Orange",32.0541831038315
"406",12.7984920394468,9.85827334194954,5.72478778140538,15.9411614167779,"Blue","Orange",14.6103289295677
"407",7.7380042984397,8.83287183674085,5.43069446903865,14.951855877008,"Pink","Orange",3.11615116118454
"408",19.0087921573385,10.4477309158517,1.25331899674563,6.2117518184773,"Blue","Orange",-4.50090800884944
"409",1.55821437255459,8.09365466925834,4.9182113728937,13.7420024020393,"Blue","Orange",9.98403068379963
"410",10.3252084967142,9.99235301902567,-2.47241867195511,9.58250611257468,"Green","Apple",9.07609995631658
"411",9.02707335824471,9.42931995713601,-0.833730421571695,6.12294530056649,"Red","Orange",19.2731521499976
"412",6.32340251561199,9.48817680517834,1.20064660305665,8.22381818570865,"Blue","Orange",12.0923073335629
"413",10.3388322190909,10.0811548332495,4.61867816052748,12.0859768712817,"Blue","Orange",3.63271657951506
"414",21.3610253239292,9.85330797607876,11.6213785580496,46.9126010900637,"Blue","Orange",17.7818595822252
"415",17.5165526103,10.8516991635165,-0.685396461483085,6.44054503206794,"Green","Apple",1.48842978671481
"416",4.11413327362779,11.0672627606347,3.33493669910919,8.4420790741837,"Red","Orange",5.69067686109088
"417",10.1360374002439,9.0970806559792,4.44164563835386,13.1102990068849,"Blue","Orange",12.6124565771741
"418",9.54307327410457,9.13433369478391,2.52172013081751,7.71833608373528,"Pink","Orange",7.17469844048239
"419",5.50635235270556,9.31809883833232,2.87227200511384,6.98927118948519,"Blue","Orange",10.2228269579618
"420",8.68521925364018,11.7960346835435,4.48917552115073,10.3768316188569,"Blue","Orange",17.6536705774974
"421",8.86896644325968,9.94914808384518,3.55699288656268,10.1805725767015,"Green","Orange",15.5964059387098
"422",11.3800863332701,9.3249446940497,6.46909626624523,19.8413718462547,"Blue","Orange",11.8837332661914
"423",14.7152789805247,9.47381518705535,1.1864578985232,7.26456364152591,"Blue","Apple",6.06197017362044
"424",4.58397444969603,9.15335459195381,0.0745495436764512,5.76501661177637,"Blue","Apple",3.48206125227177
"425",13.9291116342827,10.0856789042388,-1.73006192785018,7.09827455562006,"Blue","Apple",0.880457396739835
"426",18.930511759645,8.65757036179823,3.07520944507624,9.20969641327578,"Pink","Orange",2.22069877296881
"427",18.9138691044121,12.8959212175205,-0.350119209274687,6.50392076134975,"Red","Orange",9.47850021648311
"428",8.24141823383549,9.64559629770849,2.15195855028223,7.14787285062109,"Red","Orange",21.5204420916903
"429",6.80694033703476,9.44359386758367,0.0997716167054508,5.77163846963434,"Blue","Apple",8.43373900303425
"430",21.0279015227102,11.8084766912081,-0.505953720197295,6.63010478557437,"Blue","Orange",16.2269150339121
"431",13.8223672563076,9.80684533631709,2.67543592617404,7.52187911091417,"Red","Orange",20.3413322621798
"432",1.41943945670549,8.95006654642515,4.59244799394273,11.8166360505823,"Blue","Orange",5.23131642126886
"433",3.69160302179323,10.1931435295726,1.80210482583772,6.50080254264495,"Blue","Orange",1.93647234647867
"434",19.972524410251,11.3289587610184,7.70680349519617,23.9548911146208,"Green","Orange",23.211271285319
"435",9.54403173226845,8.96084473795763,5.08650767058949,13.2692423600011,"Blue","Orange",13.0263156243443
"436",-0.162242556969929,8.71307624461944,0.540954361483331,5.62552146527096,"Red","Orange",22.3931508421242
"437",7.98566782425038,9.40063009012458,2.31834947271099,7.74195167945053,"Red","Apple",22.1162775778039
"438",16.2159883190036,10.3679149487583,3.27200198071641,6.8974149157544,"Pink","Orange",-8.73109677497081
"439",21.7400992886032,9.69218206156912,6.64416037268294,18.1149726777214,"Green","Orange",20.6816977950114
"440",9.37451233456052,8.55449224451601,4.84836896360112,12.3214632919643,"Red","Orange",16.4085876596641
"441",4.31702649631445,11.0160272748654,3.23161762219167,9.88506948165503,"Red","Orange",2.40571481844444
"442",3.79570820055639,11.0417306207085,1.04543060034688,6.12607107065887,"Blue","Orange",-5.77489692134965
"443",5.55423038910456,7.78004490930151,-1.36280239150292,6.59532199379811,"Green","Apple",6.15366176564926
"444",19.0801245246245,9.84056218560131,4.04719901059662,13.2341474105094,"Blue","Orange",11.1591788224256
"445",14.451244728472,11.2742056727507,-0.29929787738362,5.96629062811522,"Blue","Orange",0.658347620373082
"446",-0.0184841796011508,9.5904006983704,-1.16925704382208,5.73232937540789,"Green","Orange",9.51234455013116
"447",10.4793101626176,11.8239042700733,2.72265241578384,9.66657429175646,"Pink","Orange",7.24628448386269
"448",18.3938671048276,11.6201630855413,4.15520813112074,12.3782998841814,"Green","Orange",19.5019069283223
"449",18.7343543405039,8.91644496374888,2.36472409602927,9.26400978900628,"Blue","Orange",12.7218301123996
"450",7.27163629267728,10.7387797182709,4.25237289468484,12.8055968105836,"Red","Orange",3.6962385946603
"451",8.04649817494621,8.97203023884971,2.73865014041546,7.12069902393725,"Blue","Orange",15.8871281828533
"452",3.64927062464584,9.61235262002085,2.16565955732853,6.64591902148114,"Green","Orange",16.9463616044618
"453",0.995714764234444,10.3538467213408,0.710129296675127,5.87147444422923,"Green","Orange",4.69150734869837
"454",9.20153306799025,9.2271038928127,5.47682023777432,16.6216562936326,"Blue","Orange",12.5224594715671
"455",13.3307409691481,9.96734015305053,2.20303485564837,8.03396183455281,"Blue","Orange",11.6426634297074
"456",9.60598325282791,9.71085259685724,6.18773070026238,19.1786352291874,"Blue","Orange",14.2200646685479
"457",8.15880848664662,10.8715013250069,3.25470894349241,8.60823323285699,"Blue","Orange",-2.21436749539894
"458",4.12627510171505,11.2251575142966,-0.506972977978863,6.63231650449347,"Blue","Apple",-2.6316812854857
"459",11.9110372552019,10.2422817511977,3.57338977731678,10.2386441974244,"Blue","Orange",7.792200481047
"460",14.1538541920572,9.84128032347804,-0.530154496835665,5.29000161578742,"Blue","Apple",10.7163015752052
"461",10.8774060575282,8.25530724295406,6.8130560384487,18.7214517274272,"Pink","Orange",-0.181474692835006
"462",3.98000043795803,9.70467787788352,5.70239831477915,17.2407542100871,"Green","Orange",23.4089334044187
"463",18.5244820956937,10.1950324602438,5.37446149528792,14.77456825498,"Pink","Orange",0.496801698484095
"464",1.04865611896741,10.1652047321522,-1.88651646767872,7.27892555128479,"Green","Apple",3.704587579028
"465",8.09417858978187,8.63104144782444,-0.85311428538054,6.69470850370925,"Pink","Apple",-2.69495341602835
"466",17.3580059651838,9.24974521658118,-0.975312542780833,7.64331766799449,"Red","Apple",21.1312659260585
"467",1.81663373775599,10.1138624639874,1.88926571672979,7.77909497472846,"Green","Orange",4.09305290551146
"468",18.0276286632872,10.0163149536857,0.523245688870108,6.88862319654109,"Green","Orange",10.2391998872799
"469",10.7494494615465,10.8406470453165,-2.10218028154519,7.24648716676892,"Blue","Apple",-7.04570698134402
"470",14.3534027945914,11.0919398846351,2.82031263009604,9.62571432575972,"Blue","Orange",0.711970337035968
"471",13.2897218217175,9.40705652535745,-3.8572617577479,10.5612537993592,"Green","Apple",7.12186795383087
"472",0.416151105675116,9.33513146259638,1.07074844341574,5.92699018363729,"Green","Orange",14.1486313849861
"473",7.57178702887778,12.0196664697212,2.51010381850728,8.40074200266163,"Green","Orange",19.2646871868608
"474",11.5163786319522,8.7764741581228,1.20165204129245,5.12713678656532,"Green","Apple",10.2205721749264
"475",6.10862579663017,9.54150280365413,2.35890506936317,8.64308378461889,"Blue","Orange",4.62825968756343
"476",5.62682549894537,9.6875651996844,4.49689213547717,10.971835238515,"Blue","Orange",13.0901950547649
"477",2.57609071215639,10.0163585036954,2.36637488094064,8.52206860775198,"Green","Orange",0.359152136331645
"478",9.44793964720212,10.2741012466805,4.34018666345127,11.2377960523138,"Blue","Orange",-2.09446116790583
"479",6.57433908309111,10.023515576816,-1.72544356374087,6.96205211489401,"Blue","Apple",6.90780620986073
"480",4.97203461755526,8.70410552715244,3.96982320441266,11.3383532741885,"Blue","Orange",13.1348488789215
"481",10.7581384818007,10.0805692148786,9.53830023398859,32.3287451781308,"Pink","Orange",5.77750258067119
"482",9.91623009279811,10.2022268494754,5.23033591141401,14.5628056270221,"Blue","Orange",-11.8231962917101
"483",16.8937696996596,9.16161828162051,2.46632594065646,5.29068570518549,"Blue","Apple",11.4596387230473
"484",4.14030990271717,9.93453136759057,-0.746048119576852,6.27516800463962,"Blue","Apple",4.71479056514536
"485",11.7867923060844,8.51104773756127,0.170621160350895,4.45051627040899,"Green","Apple",11.9141789107171
"486",8.9963487607591,9.02382175708366,4.63943732868082,13.3572543330869,"Blue","Orange",19.675403995137
"487",8.50104930993596,10.2294347662331,2.49562125202354,6.25195277736527,"Blue","Orange",5.73769838533276
"488",14.1931886865603,10.0333360156909,5.41331189571062,13.9643677696723,"Green","Orange",17.2807291987162
"489",22.4019559120163,10.0162895624436,10.809813034992,40.7869868498071,"Blue","Orange",20.5686597191138
"490",11.6478621560426,10.8341082575218,3.56074378878783,10.1991760160299,"Pink","Orange",-13.9579485656865
"491",2.10354439178846,8.93049173684654,2.4464689574491,5.88657060491875,"Red","Orange",16.7529041202679
"492",17.4164356926616,10.4019846939927,6.95347532568387,19.7421103702568,"Blue","Orange",4.76081516826356
"493",2.54771999468865,10.4293263440447,-0.619407356917047,6.23184119285397,"Pink","Orange",-6.59126101864489
"494",10.0794092139173,10.3761525705268,5.01904763656529,14.4720488050837,"Red","Orange",3.77650139298925
"495",7.42592430863454,9.19713674306487,5.27612196274716,14.7309406773939,"Red","Orange",26.1789220952866
"496",3.33680922431721,8.65253390601567,2.35962009875341,8.31058538138191,"Red","Orange",19.4708069735146
"497",20.0709552545258,11.4119089425914,-1.07509861499645,7.34143930272909,"Blue","Apple",-3.47388430145295
"498",11.3586749120831,10.1944486880792,4.72502753941437,12.6163038185384,"Red","Orange",20.8222740997716
"499",19.6405655605295,9.19685740147045,1.57341688504768,7.25182299336382,"Blue","Apple",7.87093839608205
"500",9.36432262361295,11.3036465143356,1.40113388793288,6.8027577967174,"Blue","Orange",4.26521568236715
